
INSERT INTO texts (default_text) VALUES ('Dev system');
SET @lastid = LAST_INSERT_ID();
INSERT INTO langtexts (text_id,lang,text) VALUES (@lastid,'en','Dev system');
INSERT INTO langtexts (text_id,lang,text) VALUES (@lastid,'es','Dev system');
INSERT INTO clientdomains (title_id,url_domain,app_domain,app_name,html_prefix,public_layout,admin_layout,member_layout,sysadmin_layout,created) VALUES (@lastid,'cborghome.ddns.net','internet','cborgmicro','cborgmicro','publicLayout','adminLayout','memberLayout',null,null);
INSERT INTO texts (default_text) VALUES ('Client1 Dev');
SET @lastid = LAST_INSERT_ID();
INSERT INTO langtexts (text_id,lang,text) VALUES (@lastid,'en','Client1 Dev');
INSERT INTO langtexts (text_id,lang,text) VALUES (@lastid,'es','Client1 Dev');
INSERT INTO clientdomains (title_id,url_domain,app_domain,app_name,html_prefix,public_layout,admin_layout,member_layout,sysadmin_layout,created) VALUES (@lastid,'internet','internet','cborgmicro','cborgmicro','publicLayout','adminLayout','memberLayout',null,null);
INSERT INTO texts (default_text) VALUES ('Client2 Dev');
SET @lastid = LAST_INSERT_ID();
INSERT INTO langtexts (text_id,lang,text) VALUES (@lastid,'en','Client2 Dev');
INSERT INTO langtexts (text_id,lang,text) VALUES (@lastid,'es','Client2 Dev');
INSERT INTO clientdomains (title_id,url_domain,app_domain,app_name,html_prefix,public_layout,admin_layout,member_layout,sysadmin_layout,created) VALUES (@lastid,'garagecloud','garagecloud','cborgmicro','cborgmicro','publicLayout','adminLayout','memberLayout',null,null);
INSERT INTO texts (default_text) VALUES ('Localhost test');
SET @lastid = LAST_INSERT_ID();
INSERT INTO langtexts (text_id,lang,text) VALUES (@lastid,'en','Localhost test');
INSERT INTO langtexts (text_id,lang,text) VALUES (@lastid,'es','Localhost test');
INSERT INTO clientdomains (title_id,url_domain,app_domain,app_name,html_prefix,public_layout,admin_layout,member_layout,sysadmin_layout,created) VALUES (@lastid,'localhost','internet','cborgmicro','cborgmicro','publicLayout','adminLayout','memberLayout',null,null);
INSERT INTO texts (default_text) VALUES ('Local IP test');
SET @lastid = LAST_INSERT_ID();
INSERT INTO langtexts (text_id,lang,text) VALUES (@lastid,'en','Local IP test');
INSERT INTO langtexts (text_id,lang,text) VALUES (@lastid,'es','Local IP test');
INSERT INTO clientdomains (title_id,url_domain,app_domain,app_name,html_prefix,public_layout,admin_layout,member_layout,sysadmin_layout,created) VALUES (@lastid,'10.0.1.9','internet','cborgmicro','cborgmicro','publicLayout','adminLayout','memberLayout',null,null);